{
  "metadata": {
    "last_updated": "2025-09-19",
    "total_packages": 212,
    "incidents": {
      "npm_compromise_2025_09_08": {
        "date": "2025-09-08",
        "description": "NPM Supply Chain Compromise",
        "phishing_domain": "npmjs.help",
        "affected_packages": 22
      },
      "duckdb_compromise_2025_09_09": {
        "date": "2025-09-09",
        "description": "DuckDB NPM Packages Compromised",
        "affected_packages": 4
      },
      "s1ngularity_shai_hulud_2025_09_16": {
        "date": "2025-09-16",
        "description": "S1ngularity/nx Shai Hulud Worm Attack",
        "notes": "Self-propagating worm that infected 187 packages, automatically stealing secrets and creating GitHub Actions",
        "affected_packages": 187
      }
    },
    "severity_levels": ["CRITICAL", "HIGH", "MEDIUM"],
    "data_sources": [
      "Aikido Security Blog",
      "NPM Security Advisories",
      "Socket Security",
      "StepSecurity"
    ]
  },
  "malicious_packages": [
    {
      "name": "debug",
      "malicious_version": "4.4.2",
      "downloads_millions": 357.6,
      "severity": "CRITICAL"
    },
    {
      "name": "chalk",
      "malicious_version": "5.6.1",
      "downloads_millions": 299.99,
      "severity": "CRITICAL"
    },
    {
      "name": "ansi-styles",
      "malicious_version": "6.2.2",
      "downloads_millions": 371.41,
      "severity": "CRITICAL"
    },
    {
      "name": "strip-ansi",
      "malicious_version": "7.1.1",
      "downloads_millions": null,
      "severity": "HIGH"
    },
    {
      "name": "supports-color",
      "malicious_version": "10.2.1",
      "downloads_millions": null,
      "severity": "HIGH"
    },
    {
      "name": "wrap-ansi",
      "malicious_version": "9.0.1",
      "downloads_millions": null,
      "severity": "HIGH"
    },
    {
      "name": "ansi-regex",
      "malicious_version": "6.2.1",
      "downloads_millions": null,
      "severity": "HIGH"
    },
    {
      "name": "color-convert",
      "malicious_version": "3.1.1",
      "downloads_millions": null,
      "severity": "HIGH"
    },
    {
      "name": "slice-ansi",
      "malicious_version": "7.1.1",
      "downloads_millions": null,
      "severity": "HIGH"
    },
    {
      "name": "is-arrayish",
      "malicious_version": "0.3.3",
      "downloads_millions": 73.8,
      "severity": "HIGH",
      "sha1": null
    },
    {
      "name": "color-name",
      "malicious_version": "2.0.1",
      "downloads_millions": null,
      "severity": "HIGH"
    },
    {
      "name": "error-ex",
      "malicious_version": "1.3.3",
      "downloads_millions": null,
      "severity": "HIGH",
      "sha1": "e9f9235f0fd79f5a7d099276ec6a9f8c5f0ddce9"
    },
    {
      "name": "color-string",
      "malicious_version": "2.1.1",
      "downloads_millions": null,
      "severity": "HIGH"
    },
    {
      "name": "simple-swizzle",
      "malicious_version": "0.2.3",
      "downloads_millions": 26.26,
      "severity": "HIGH"
    },
    {
      "name": "has-ansi",
      "malicious_version": "6.0.1",
      "downloads_millions": null,
      "severity": "MEDIUM"
    },
    {
      "name": "supports-hyperlinks",
      "malicious_version": "4.1.1",
      "downloads_millions": null,
      "severity": "MEDIUM"
    },
    {
      "name": "chalk-template",
      "malicious_version": "1.1.1",
      "downloads_millions": null,
      "severity": "MEDIUM"
    },
    {
      "name": "backslash",
      "malicious_version": "0.2.1",
      "downloads_millions": null,
      "severity": "MEDIUM"
    },
    {
      "name": "duckdb",
      "malicious_version": "1.3.3",
      "downloads_millions": null,
      "weekly_downloads": 148000,
      "severity": "CRITICAL",
      "incident": "duckdb_compromise_2025_09_09"
    },
    {
      "name": "@duckdb/node-api",
      "malicious_version": "1.3.3",
      "downloads_millions": null,
      "weekly_downloads": 87000,
      "severity": "CRITICAL",
      "incident": "duckdb_compromise_2025_09_09"
    },
    {
      "name": "@duckdb/node-bindings",
      "malicious_version": "1.3.3",
      "downloads_millions": null,
      "weekly_downloads": 87000,
      "severity": "CRITICAL",
      "incident": "duckdb_compromise_2025_09_09"
    },
    {
      "name": "@duckdb/duckdb-wasm",
      "malicious_version": "1.29.2",
      "downloads_millions": null,
      "weekly_downloads": 64000,
      "severity": "CRITICAL",
      "incident": "duckdb_compromise_2025_09_09"
    },
    {
      "name": "@coveops/abi",
      "malicious_version": "2.0.1",
      "downloads_millions": null,
      "weekly_downloads": null,
      "severity": "HIGH",
      "incident": "ongoing_npm_compromise_2025_09",
      "note": "Discovered after initial compromise, removed quickly"
    },
    {
      "name": "proto-tinker-wc",
      "malicious_version": "0.1.87",
      "downloads_millions": null,
      "weekly_downloads": null,
      "severity": "MEDIUM",
      "incident": "npm_compromise_2025_09_08",
      "downloads_compromised": 75
    },
    {
      "name": "prebid",
      "malicious_versions": ["10.9.1", "10.9.2"],
      "malicious_version": "10.9.1",
      "downloads_millions": null,
      "weekly_downloads": null,
      "severity": "MEDIUM",
      "incident": "npm_compromise_2025_09_08",
      "downloads_compromised": 196,
      "note": "Multiple compromised versions: 10.9.1 and 10.9.2"
    },
    {
      "name": "@ahmedhfarag/ngx-perfect-scrollbar",
      "malicious_versions": ["20.0.20"],
      "severity": "CRITICAL",
      "incident": "s1ngularity_shai_hulud_2025_09_16"
    },
    {
      "name": "@ahmedhfarag/ngx-virtual-scroller",
      "malicious_versions": ["4.0.4"],
      "severity": "CRITICAL",
      "incident": "s1ngularity_shai_hulud_2025_09_16"
    },
    {
      "name": "@art-ws/common",
      "malicious_versions": ["2.0.28"],
      "severity": "CRITICAL",
      "incident": "s1ngularity_shai_hulud_2025_09_16"
    },
    {
      "name": "@art-ws/config-eslint",
      "malicious_versions": ["2.0.4", "2.0.5"],
      "severity": "CRITICAL",
      "incident": "s1ngularity_shai_hulud_2025_09_16"
    },
    {
      "name": "@art-ws/config-ts",
      "malicious_versions": ["2.0.7", "2.0.8"],
      "severity": "CRITICAL",
      "incident": "s1ngularity_shai_hulud_2025_09_16"
    },
    {
      "name": "@art-ws/db-context",
      "malicious_versions": ["2.0.24"],
      "severity": "CRITICAL",
      "incident": "s1ngularity_shai_hulud_2025_09_16"
    },
    {
      "name": "@art-ws/di",
      "malicious_versions": ["2.0.28", "2.0.32"],
      "severity": "CRITICAL",
      "incident": "s1ngularity_shai_hulud_2025_09_16"
    },
    {
      "name": "@art-ws/di-node",
      "malicious_versions": ["2.0.13"],
      "severity": "CRITICAL",
      "incident": "s1ngularity_shai_hulud_2025_09_16"
    },
    {
      "name": "@art-ws/eslint",
      "malicious_versions": ["1.0.5", "1.0.6"],
      "severity": "CRITICAL",
      "incident": "s1ngularity_shai_hulud_2025_09_16"
    },
    {
      "name": "@art-ws/fastify-http-server",
      "malicious_versions": ["2.0.24", "2.0.27"],
      "severity": "CRITICAL",
      "incident": "s1ngularity_shai_hulud_2025_09_16"
    },
    {
      "name": "@art-ws/http-server",
      "malicious_versions": ["2.0.21", "2.0.25"],
      "severity": "CRITICAL",
      "incident": "s1ngularity_shai_hulud_2025_09_16"
    },
    {
      "name": "@art-ws/openapi",
      "malicious_versions": ["0.1.9", "0.1.12"],
      "severity": "CRITICAL",
      "incident": "s1ngularity_shai_hulud_2025_09_16"
    },
    {
      "name": "@art-ws/package-base",
      "malicious_versions": ["1.0.5", "1.0.6"],
      "severity": "CRITICAL",
      "incident": "s1ngularity_shai_hulud_2025_09_16"
    },
    {
      "name": "@art-ws/prettier",
      "malicious_versions": ["1.0.5", "1.0.6"],
      "severity": "CRITICAL",
      "incident": "s1ngularity_shai_hulud_2025_09_16"
    },
    {
      "name": "@art-ws/slf",
      "malicious_versions": ["2.0.15", "2.0.22"],
      "severity": "CRITICAL",
      "incident": "s1ngularity_shai_hulud_2025_09_16"
    },
    {
      "name": "@art-ws/ssl-info",
      "malicious_versions": ["1.0.9", "1.0.10"],
      "severity": "CRITICAL",
      "incident": "s1ngularity_shai_hulud_2025_09_16"
    },
    {
      "name": "@art-ws/web-app",
      "malicious_versions": ["1.0.3", "1.0.4"],
      "severity": "CRITICAL",
      "incident": "s1ngularity_shai_hulud_2025_09_16"
    },
    {
      "name": "@crowdstrike/commitlint",
      "malicious_versions": ["8.1.1", "8.1.2"],
      "severity": "CRITICAL",
      "incident": "s1ngularity_shai_hulud_2025_09_16"
    },
    {
      "name": "@crowdstrike/falcon-shoelace",
      "malicious_versions": ["0.4.1", "0.4.2"],
      "severity": "CRITICAL",
      "incident": "s1ngularity_shai_hulud_2025_09_16"
    },
    {
      "name": "@crowdstrike/foundry-js",
      "malicious_versions": ["0.19.1", "0.19.2"],
      "severity": "CRITICAL",
      "incident": "s1ngularity_shai_hulud_2025_09_16"
    },
    {
      "name": "@crowdstrike/glide-core",
      "malicious_versions": ["0.34.2", "0.34.3"],
      "severity": "CRITICAL",
      "incident": "s1ngularity_shai_hulud_2025_09_16"
    },
    {
      "name": "@crowdstrike/logscale-dashboard",
      "malicious_versions": ["1.205.1", "1.205.2"],
      "severity": "CRITICAL",
      "incident": "s1ngularity_shai_hulud_2025_09_16"
    },
    {
      "name": "@crowdstrike/logscale-file-editor",
      "malicious_versions": ["1.205.1", "1.205.2"],
      "severity": "CRITICAL",
      "incident": "s1ngularity_shai_hulud_2025_09_16"
    },
    {
      "name": "@crowdstrike/logscale-parser-edit",
      "malicious_versions": ["1.205.1", "1.205.2"],
      "severity": "CRITICAL",
      "incident": "s1ngularity_shai_hulud_2025_09_16"
    },
    {
      "name": "@crowdstrike/logscale-search",
      "malicious_versions": ["1.205.1", "1.205.2"],
      "severity": "CRITICAL",
      "incident": "s1ngularity_shai_hulud_2025_09_16"
    },
    {
      "name": "@crowdstrike/tailwind-toucan-base",
      "malicious_versions": ["5.0.1", "5.0.2"],
      "severity": "CRITICAL",
      "incident": "s1ngularity_shai_hulud_2025_09_16"
    },
    {
      "name": "@ctrl/deluge",
      "malicious_versions": ["7.2.1", "7.2.2"],
      "severity": "CRITICAL",
      "incident": "s1ngularity_shai_hulud_2025_09_16"
    },
    {
      "name": "@ctrl/golang-template",
      "malicious_versions": ["1.4.2", "1.4.3"],
      "severity": "CRITICAL",
      "incident": "s1ngularity_shai_hulud_2025_09_16"
    },
    {
      "name": "@ctrl/magnet-link",
      "malicious_versions": ["4.0.3", "4.0.4"],
      "severity": "CRITICAL",
      "incident": "s1ngularity_shai_hulud_2025_09_16"
    },
    {
      "name": "@ctrl/ngx-codemirror",
      "malicious_versions": ["7.0.1", "7.0.2"],
      "severity": "CRITICAL",
      "incident": "s1ngularity_shai_hulud_2025_09_16"
    },
    {
      "name": "@ctrl/ngx-csv",
      "malicious_versions": ["6.0.1", "6.0.2"],
      "severity": "CRITICAL",
      "incident": "s1ngularity_shai_hulud_2025_09_16"
    },
    {
      "name": "@ctrl/ngx-emoji-mart",
      "malicious_versions": ["9.2.1", "9.2.2"],
      "severity": "CRITICAL",
      "incident": "s1ngularity_shai_hulud_2025_09_16"
    },
    {
      "name": "@ctrl/ngx-rightclick",
      "malicious_versions": ["4.0.1", "4.0.2"],
      "severity": "CRITICAL",
      "incident": "s1ngularity_shai_hulud_2025_09_16"
    },
    {
      "name": "@ctrl/qbittorrent",
      "malicious_versions": ["9.7.1", "9.7.2"],
      "severity": "CRITICAL",
      "incident": "s1ngularity_shai_hulud_2025_09_16"
    },
    {
      "name": "@ctrl/react-adsense",
      "malicious_versions": ["2.0.1", "2.0.2"],
      "severity": "CRITICAL",
      "incident": "s1ngularity_shai_hulud_2025_09_16"
    },
    {
      "name": "@ctrl/shared-torrent",
      "malicious_versions": ["6.3.1", "6.3.2"],
      "severity": "CRITICAL",
      "incident": "s1ngularity_shai_hulud_2025_09_16"
    },
    {
      "name": "@ctrl/tinycolor",
      "malicious_versions": ["4.1.1", "4.1.2"],
      "severity": "CRITICAL",
      "incident": "s1ngularity_shai_hulud_2025_09_16"
    },
    {
      "name": "@ctrl/torrent-file",
      "malicious_versions": ["4.1.1", "4.1.2"],
      "severity": "CRITICAL",
      "incident": "s1ngularity_shai_hulud_2025_09_16"
    },
    {
      "name": "@ctrl/transmission",
      "malicious_versions": ["7.3.1"],
      "severity": "CRITICAL",
      "incident": "s1ngularity_shai_hulud_2025_09_16"
    },
    {
      "name": "@ctrl/ts-base32",
      "malicious_versions": ["4.0.1", "4.0.2"],
      "severity": "CRITICAL",
      "incident": "s1ngularity_shai_hulud_2025_09_16"
    },
    {
      "name": "@hestjs/core",
      "malicious_versions": ["0.2.1"],
      "severity": "CRITICAL",
      "incident": "s1ngularity_shai_hulud_2025_09_16"
    },
    {
      "name": "@hestjs/cqrs",
      "malicious_versions": ["0.1.6"],
      "severity": "CRITICAL",
      "incident": "s1ngularity_shai_hulud_2025_09_16"
    },
    {
      "name": "@hestjs/demo",
      "malicious_versions": ["0.1.2"],
      "severity": "CRITICAL",
      "incident": "s1ngularity_shai_hulud_2025_09_16"
    },
    {
      "name": "@hestjs/eslint-config",
      "malicious_versions": ["0.1.2"],
      "severity": "CRITICAL",
      "incident": "s1ngularity_shai_hulud_2025_09_16"
    },
    {
      "name": "@hestjs/logger",
      "malicious_versions": ["0.1.6"],
      "severity": "CRITICAL",
      "incident": "s1ngularity_shai_hulud_2025_09_16"
    },
    {
      "name": "@hestjs/scalar",
      "malicious_versions": ["0.1.7"],
      "severity": "CRITICAL",
      "incident": "s1ngularity_shai_hulud_2025_09_16"
    },
    {
      "name": "@hestjs/validation",
      "malicious_versions": ["0.1.6"],
      "severity": "CRITICAL",
      "incident": "s1ngularity_shai_hulud_2025_09_16"
    },
    {
      "name": "@nativescript-community/arraybuffers",
      "malicious_versions": ["1.1.6", "1.1.7", "1.1.8"],
      "severity": "CRITICAL",
      "incident": "s1ngularity_shai_hulud_2025_09_16"
    },
    {
      "name": "@nativescript-community/gesturehandler",
      "malicious_versions": ["2.0.35"],
      "severity": "CRITICAL",
      "incident": "s1ngularity_shai_hulud_2025_09_16"
    },
    {
      "name": "@nativescript-community/perms",
      "malicious_versions": ["3.0.5", "3.0.6", "3.0.7", "3.0.8"],
      "severity": "CRITICAL",
      "incident": "s1ngularity_shai_hulud_2025_09_16"
    },
    {
      "name": "@nativescript-community/sqlite",
      "malicious_versions": ["3.5.2", "3.5.3", "3.5.4", "3.5.5"],
      "severity": "CRITICAL",
      "incident": "s1ngularity_shai_hulud_2025_09_16"
    },
    {
      "name": "@nativescript-community/text",
      "malicious_versions": ["1.6.9", "1.6.10", "1.6.11", "1.6.12"],
      "severity": "CRITICAL",
      "incident": "s1ngularity_shai_hulud_2025_09_16"
    },
    {
      "name": "@nativescript-community/typeorm",
      "malicious_versions": ["0.2.30", "0.2.31", "0.2.32", "0.2.33"],
      "severity": "CRITICAL",
      "incident": "s1ngularity_shai_hulud_2025_09_16"
    },
    {
      "name": "@nativescript-community/ui-collectionview",
      "malicious_versions": ["6.0.6"],
      "severity": "CRITICAL",
      "incident": "s1ngularity_shai_hulud_2025_09_16"
    },
    {
      "name": "@nativescript-community/ui-document-picker",
      "malicious_versions": ["1.1.27", "1.1.28"],
      "severity": "CRITICAL",
      "incident": "s1ngularity_shai_hulud_2025_09_16"
    },
    {
      "name": "@nativescript-community/ui-drawer",
      "malicious_versions": ["0.1.30"],
      "severity": "CRITICAL",
      "incident": "s1ngularity_shai_hulud_2025_09_16"
    },
    {
      "name": "@nativescript-community/ui-image",
      "malicious_versions": ["4.5.6"],
      "severity": "CRITICAL",
      "incident": "s1ngularity_shai_hulud_2025_09_16"
    },
    {
      "name": "@nativescript-community/ui-label",
      "malicious_versions": ["1.3.35", "1.3.36", "1.3.37"],
      "severity": "CRITICAL",
      "incident": "s1ngularity_shai_hulud_2025_09_16"
    },
    {
      "name": "@nativescript-community/ui-material-bottom-navigation",
      "malicious_versions": ["7.2.72", "7.2.73", "7.2.74", "7.2.75"],
      "severity": "CRITICAL",
      "incident": "s1ngularity_shai_hulud_2025_09_16"
    },
    {
      "name": "@nativescript-community/ui-material-bottomsheet",
      "malicious_versions": ["7.2.72"],
      "severity": "CRITICAL",
      "incident": "s1ngularity_shai_hulud_2025_09_16"
    },
    {
      "name": "@nativescript-community/ui-material-core",
      "malicious_versions": ["7.2.72", "7.2.73", "7.2.74", "7.2.75"],
      "severity": "CRITICAL",
      "incident": "s1ngularity_shai_hulud_2025_09_16"
    },
    {
      "name": "@nativescript-community/ui-material-core-tabs",
      "malicious_versions": ["7.2.72", "7.2.73", "7.2.74", "7.2.75"],
      "severity": "CRITICAL",
      "incident": "s1ngularity_shai_hulud_2025_09_16"
    },
    {
      "name": "@nativescript-community/ui-material-ripple",
      "malicious_versions": ["7.2.72", "7.2.73", "7.2.74", "7.2.75"],
      "severity": "CRITICAL",
      "incident": "s1ngularity_shai_hulud_2025_09_16"
    },
    {
      "name": "@nativescript-community/ui-material-tabs",
      "malicious_versions": ["7.2.72", "7.2.73", "7.2.74", "7.2.75"],
      "severity": "CRITICAL",
      "incident": "s1ngularity_shai_hulud_2025_09_16"
    },
    {
      "name": "@nativescript-community/ui-pager",
      "malicious_versions": ["14.1.36", "14.1.37", "14.1.38"],
      "severity": "CRITICAL",
      "incident": "s1ngularity_shai_hulud_2025_09_16"
    },
    {
      "name": "@nativescript-community/ui-pulltorefresh",
      "malicious_versions": ["2.5.4", "2.5.5", "2.5.6", "2.5.7"],
      "severity": "CRITICAL",
      "incident": "s1ngularity_shai_hulud_2025_09_16"
    },
    {
      "name": "@nexe/config-manager",
      "malicious_versions": ["0.1.1"],
      "severity": "CRITICAL",
      "incident": "s1ngularity_shai_hulud_2025_09_16"
    },
    {
      "name": "@nexe/eslint-config",
      "malicious_versions": ["0.1.1"],
      "severity": "CRITICAL",
      "incident": "s1ngularity_shai_hulud_2025_09_16"
    },
    {
      "name": "@nexe/logger",
      "malicious_versions": ["0.1.3"],
      "severity": "CRITICAL",
      "incident": "s1ngularity_shai_hulud_2025_09_16"
    },
    {
      "name": "@nstudio/angular",
      "malicious_versions": ["20.0.4", "20.0.5", "20.0.6"],
      "severity": "CRITICAL",
      "incident": "s1ngularity_shai_hulud_2025_09_16"
    },
    {
      "name": "@nstudio/focus",
      "malicious_versions": ["20.0.4", "20.0.5", "20.0.6"],
      "severity": "CRITICAL",
      "incident": "s1ngularity_shai_hulud_2025_09_16"
    },
    {
      "name": "@nstudio/nativescript-checkbox",
      "malicious_versions": ["2.0.6", "2.0.7", "2.0.8", "2.0.9"],
      "severity": "CRITICAL",
      "incident": "s1ngularity_shai_hulud_2025_09_16"
    },
    {
      "name": "@nstudio/nativescript-loading-indicator",
      "malicious_versions": ["5.0.1", "5.0.2", "5.0.3", "5.0.4"],
      "severity": "CRITICAL",
      "incident": "s1ngularity_shai_hulud_2025_09_16"
    },
    {
      "name": "@nstudio/ui-collectionview",
      "malicious_versions": ["5.1.11", "5.1.12", "5.1.13", "5.1.14"],
      "severity": "CRITICAL",
      "incident": "s1ngularity_shai_hulud_2025_09_16"
    },
    {
      "name": "@nstudio/web",
      "malicious_versions": ["20.0.4"],
      "severity": "CRITICAL",
      "incident": "s1ngularity_shai_hulud_2025_09_16"
    },
    {
      "name": "@nstudio/web-angular",
      "malicious_versions": ["20.0.4"],
      "severity": "CRITICAL",
      "incident": "s1ngularity_shai_hulud_2025_09_16"
    },
    {
      "name": "@nstudio/xplat",
      "malicious_versions": ["20.0.5", "20.0.6", "20.0.7"],
      "severity": "CRITICAL",
      "incident": "s1ngularity_shai_hulud_2025_09_16"
    },
    {
      "name": "@nstudio/xplat-utils",
      "malicious_versions": ["20.0.5", "20.0.6", "20.0.7"],
      "severity": "CRITICAL",
      "incident": "s1ngularity_shai_hulud_2025_09_16"
    },
    {
      "name": "@operato/board",
      "malicious_versions": ["9.0.36", "9.0.37", "9.0.38", "9.0.39", "9.0.40", "9.0.41", "9.0.42", "9.0.43", "9.0.44", "9.0.45", "9.0.46"],
      "severity": "CRITICAL",
      "incident": "s1ngularity_shai_hulud_2025_09_16"
    },
    {
      "name": "@operato/data-grist",
      "malicious_versions": ["9.0.29", "9.0.35", "9.0.36", "9.0.37"],
      "severity": "CRITICAL",
      "incident": "s1ngularity_shai_hulud_2025_09_16"
    },
    {
      "name": "@operato/graphql",
      "malicious_versions": ["9.0.22", "9.0.35", "9.0.36", "9.0.37", "9.0.38", "9.0.39", "9.0.40", "9.0.41", "9.0.42", "9.0.43", "9.0.44", "9.0.45", "9.0.46"],
      "severity": "CRITICAL",
      "incident": "s1ngularity_shai_hulud_2025_09_16"
    },
    {
      "name": "@operato/headroom",
      "malicious_versions": ["9.0.2", "9.0.35", "9.0.36", "9.0.37"],
      "severity": "CRITICAL",
      "incident": "s1ngularity_shai_hulud_2025_09_16"
    },
    {
      "name": "@operato/help",
      "malicious_versions": ["9.0.35", "9.0.36", "9.0.37", "9.0.38", "9.0.39", "9.0.40", "9.0.41", "9.0.42", "9.0.43", "9.0.44", "9.0.45", "9.0.46"],
      "severity": "CRITICAL",
      "incident": "s1ngularity_shai_hulud_2025_09_16"
    },
    {
      "name": "@operato/i18n",
      "malicious_versions": ["9.0.35", "9.0.36", "9.0.37"],
      "severity": "CRITICAL",
      "incident": "s1ngularity_shai_hulud_2025_09_16"
    },
    {
      "name": "@operato/input",
      "malicious_versions": ["9.0.27", "9.0.35", "9.0.36", "9.0.37", "9.0.38", "9.0.39", "9.0.40", "9.0.41", "9.0.42", "9.0.43", "9.0.44", "9.0.45", "9.0.46"],
      "severity": "CRITICAL",
      "incident": "s1ngularity_shai_hulud_2025_09_16"
    },
    {
      "name": "@operato/layout",
      "malicious_versions": ["9.0.35", "9.0.36", "9.0.37"],
      "severity": "CRITICAL",
      "incident": "s1ngularity_shai_hulud_2025_09_16"
    },
    {
      "name": "@operato/popup",
      "malicious_versions": ["9.0.22", "9.0.35", "9.0.36", "9.0.37", "9.0.38", "9.0.39", "9.0.40", "9.0.41", "9.0.42", "9.0.43", "9.0.44", "9.0.45", "9.0.46"],
      "severity": "CRITICAL",
      "incident": "s1ngularity_shai_hulud_2025_09_16"
    },
    {
      "name": "@operato/pull-to-refresh",
      "malicious_versions": ["9.0.36", "9.0.37", "9.0.38", "9.0.39", "9.0.40", "9.0.41", "9.0.42"],
      "severity": "CRITICAL",
      "incident": "s1ngularity_shai_hulud_2025_09_16"
    },
    {
      "name": "@operato/shell",
      "malicious_versions": ["9.0.22", "9.0.35", "9.0.36", "9.0.37", "9.0.38", "9.0.39"],
      "severity": "CRITICAL",
      "incident": "s1ngularity_shai_hulud_2025_09_16"
    },
    {
      "name": "@operato/styles",
      "malicious_versions": ["9.0.2", "9.0.35", "9.0.36", "9.0.37"],
      "severity": "CRITICAL",
      "incident": "s1ngularity_shai_hulud_2025_09_16"
    },
    {
      "name": "@operato/utils",
      "malicious_versions": ["9.0.22", "9.0.35", "9.0.36", "9.0.37", "9.0.38", "9.0.39", "9.0.40", "9.0.41", "9.0.42", "9.0.43", "9.0.44", "9.0.45", "9.0.46"],
      "severity": "CRITICAL",
      "incident": "s1ngularity_shai_hulud_2025_09_16"
    },
    {
      "name": "@teselagen/bounce-loader",
      "malicious_versions": ["0.3.16", "0.3.17"],
      "severity": "CRITICAL",
      "incident": "s1ngularity_shai_hulud_2025_09_16"
    },
    {
      "name": "@teselagen/liquibase-tools",
      "malicious_versions": ["0.4.1"],
      "severity": "CRITICAL",
      "incident": "s1ngularity_shai_hulud_2025_09_16"
    },
    {
      "name": "@teselagen/range-utils",
      "malicious_versions": ["0.3.14", "0.3.15"],
      "severity": "CRITICAL",
      "incident": "s1ngularity_shai_hulud_2025_09_16"
    },
    {
      "name": "@teselagen/react-list",
      "malicious_versions": ["0.8.19", "0.8.20"],
      "severity": "CRITICAL",
      "incident": "s1ngularity_shai_hulud_2025_09_16"
    },
    {
      "name": "@teselagen/react-table",
      "malicious_versions": ["6.10.19"],
      "severity": "CRITICAL",
      "incident": "s1ngularity_shai_hulud_2025_09_16"
    },
    {
      "name": "@thangved/callback-window",
      "malicious_versions": ["1.1.4"],
      "severity": "CRITICAL",
      "incident": "s1ngularity_shai_hulud_2025_09_16"
    },
    {
      "name": "@things-factory/attachment-base",
      "malicious_versions": ["9.0.43", "9.0.44", "9.0.45", "9.0.46", "9.0.47", "9.0.48", "9.0.49", "9.0.50"],
      "severity": "CRITICAL",
      "incident": "s1ngularity_shai_hulud_2025_09_16"
    },
    {
      "name": "@things-factory/auth-base",
      "malicious_versions": ["9.0.43", "9.0.44", "9.0.45"],
      "severity": "CRITICAL",
      "incident": "s1ngularity_shai_hulud_2025_09_16"
    },
    {
      "name": "@things-factory/email-base",
      "malicious_versions": ["9.0.42", "9.0.43", "9.0.44", "9.0.45", "9.0.46", "9.0.47", "9.0.48", "9.0.49", "9.0.50", "9.0.51", "9.0.52", "9.0.53", "9.0.54"],
      "severity": "CRITICAL",
      "incident": "s1ngularity_shai_hulud_2025_09_16"
    },
    {
      "name": "@things-factory/env",
      "malicious_versions": ["9.0.42", "9.0.43", "9.0.44", "9.0.45"],
      "severity": "CRITICAL",
      "incident": "s1ngularity_shai_hulud_2025_09_16"
    },
    {
      "name": "@things-factory/integration-base",
      "malicious_versions": ["9.0.43", "9.0.44", "9.0.45"],
      "severity": "CRITICAL",
      "incident": "s1ngularity_shai_hulud_2025_09_16"
    },
    {
      "name": "@things-factory/integration-marketplace",
      "malicious_versions": ["9.0.43", "9.0.44", "9.0.45"],
      "severity": "CRITICAL",
      "incident": "s1ngularity_shai_hulud_2025_09_16"
    },
    {
      "name": "@things-factory/shell",
      "malicious_versions": ["9.0.43", "9.0.44", "9.0.45"],
      "severity": "CRITICAL",
      "incident": "s1ngularity_shai_hulud_2025_09_16"
    },
    {
      "name": "@tnf-dev/api",
      "malicious_versions": ["1.0.8"],
      "severity": "CRITICAL",
      "incident": "s1ngularity_shai_hulud_2025_09_16"
    },
    {
      "name": "@tnf-dev/core",
      "malicious_versions": ["1.0.8"],
      "severity": "CRITICAL",
      "incident": "s1ngularity_shai_hulud_2025_09_16"
    },
    {
      "name": "@tnf-dev/js",
      "malicious_versions": ["1.0.8"],
      "severity": "CRITICAL",
      "incident": "s1ngularity_shai_hulud_2025_09_16"
    },
    {
      "name": "@tnf-dev/mui",
      "malicious_versions": ["1.0.8"],
      "severity": "CRITICAL",
      "incident": "s1ngularity_shai_hulud_2025_09_16"
    },
    {
      "name": "@tnf-dev/react",
      "malicious_versions": ["1.0.8"],
      "severity": "CRITICAL",
      "incident": "s1ngularity_shai_hulud_2025_09_16"
    },
    {
      "name": "@ui-ux-gang/devextreme-angular-rpk",
      "malicious_versions": ["24.1.7"],
      "severity": "CRITICAL",
      "incident": "s1ngularity_shai_hulud_2025_09_16"
    },
    {
      "name": "@yoobic/design-system",
      "malicious_versions": ["6.5.17"],
      "severity": "CRITICAL",
      "incident": "s1ngularity_shai_hulud_2025_09_16"
    },
    {
      "name": "@yoobic/jpeg-camera-es6",
      "malicious_versions": ["1.0.13"],
      "severity": "CRITICAL",
      "incident": "s1ngularity_shai_hulud_2025_09_16"
    },
    {
      "name": "@yoobic/yobi",
      "malicious_versions": ["8.7.53"],
      "severity": "CRITICAL",
      "incident": "s1ngularity_shai_hulud_2025_09_16"
    },
    {
      "name": "airchief",
      "malicious_versions": ["0.3.1"],
      "severity": "CRITICAL",
      "incident": "s1ngularity_shai_hulud_2025_09_16"
    },
    {
      "name": "airpilot",
      "malicious_versions": ["0.8.8"],
      "severity": "CRITICAL",
      "incident": "s1ngularity_shai_hulud_2025_09_16"
    },
    {
      "name": "angulartics2",
      "malicious_versions": ["14.1.1", "14.1.2"],
      "severity": "CRITICAL",
      "incident": "s1ngularity_shai_hulud_2025_09_16"
    },
    {
      "name": "browser-webdriver-downloader",
      "malicious_versions": ["3.0.8"],
      "severity": "CRITICAL",
      "incident": "s1ngularity_shai_hulud_2025_09_16"
    },
    {
      "name": "capacitor-notificationhandler",
      "malicious_versions": ["0.0.2", "0.0.3"],
      "severity": "CRITICAL",
      "incident": "s1ngularity_shai_hulud_2025_09_16"
    },
    {
      "name": "capacitor-plugin-healthapp",
      "malicious_versions": ["0.0.2", "0.0.3"],
      "severity": "CRITICAL",
      "incident": "s1ngularity_shai_hulud_2025_09_16"
    },
    {
      "name": "capacitor-plugin-ihealth",
      "malicious_versions": ["1.1.8", "1.1.9"],
      "severity": "CRITICAL",
      "incident": "s1ngularity_shai_hulud_2025_09_16"
    },
    {
      "name": "capacitor-plugin-vonage",
      "malicious_versions": ["1.0.2", "1.0.3"],
      "severity": "CRITICAL",
      "incident": "s1ngularity_shai_hulud_2025_09_16"
    },
    {
      "name": "capacitorandroidpermissions",
      "malicious_versions": ["0.0.4", "0.0.5"],
      "severity": "CRITICAL",
      "incident": "s1ngularity_shai_hulud_2025_09_16"
    },
    {
      "name": "config-cordova",
      "malicious_versions": ["0.8.5"],
      "severity": "CRITICAL",
      "incident": "s1ngularity_shai_hulud_2025_09_16"
    },
    {
      "name": "cordova-plugin-voxeet2",
      "malicious_versions": ["1.0.24"],
      "severity": "CRITICAL",
      "incident": "s1ngularity_shai_hulud_2025_09_16"
    },
    {
      "name": "cordova-voxeet",
      "malicious_versions": ["1.0.32"],
      "severity": "CRITICAL",
      "incident": "s1ngularity_shai_hulud_2025_09_16"
    },
    {
      "name": "create-hest-app",
      "malicious_versions": ["0.1.9"],
      "severity": "CRITICAL",
      "incident": "s1ngularity_shai_hulud_2025_09_16"
    },
    {
      "name": "db-evo",
      "malicious_versions": ["1.1.4", "1.1.5"],
      "severity": "CRITICAL",
      "incident": "s1ngularity_shai_hulud_2025_09_16"
    },
    {
      "name": "devextreme-angular-rpk",
      "malicious_versions": ["21.2.8"],
      "severity": "CRITICAL",
      "incident": "s1ngularity_shai_hulud_2025_09_16"
    },
    {
      "name": "ember-browser-services",
      "malicious_versions": ["5.0.2", "5.0.3"],
      "severity": "CRITICAL",
      "incident": "s1ngularity_shai_hulud_2025_09_16"
    },
    {
      "name": "ember-headless-form",
      "malicious_versions": ["1.1.2", "1.1.3"],
      "severity": "CRITICAL",
      "incident": "s1ngularity_shai_hulud_2025_09_16"
    },
    {
      "name": "ember-headless-form-yup",
      "malicious_versions": ["1.0.1"],
      "severity": "CRITICAL",
      "incident": "s1ngularity_shai_hulud_2025_09_16"
    },
    {
      "name": "ember-headless-table",
      "malicious_versions": ["2.1.5", "2.1.6"],
      "severity": "CRITICAL",
      "incident": "s1ngularity_shai_hulud_2025_09_16"
    },
    {
      "name": "ember-url-hash-polyfill",
      "malicious_versions": ["1.0.12", "1.0.13"],
      "severity": "CRITICAL",
      "incident": "s1ngularity_shai_hulud_2025_09_16"
    },
    {
      "name": "ember-velcro",
      "malicious_versions": ["2.2.1", "2.2.2"],
      "severity": "CRITICAL",
      "incident": "s1ngularity_shai_hulud_2025_09_16"
    },
    {
      "name": "encounter-playground",
      "malicious_versions": ["0.0.2", "0.0.3", "0.0.4", "0.0.5"],
      "severity": "CRITICAL",
      "incident": "s1ngularity_shai_hulud_2025_09_16"
    },
    {
      "name": "eslint-config-crowdstrike",
      "malicious_versions": ["11.0.2", "11.0.3"],
      "severity": "CRITICAL",
      "incident": "s1ngularity_shai_hulud_2025_09_16"
    },
    {
      "name": "eslint-config-crowdstrike-node",
      "malicious_versions": ["4.0.3", "4.0.4"],
      "severity": "CRITICAL",
      "incident": "s1ngularity_shai_hulud_2025_09_16"
    },
    {
      "name": "eslint-config-teselagen",
      "malicious_versions": ["6.1.7"],
      "severity": "CRITICAL",
      "incident": "s1ngularity_shai_hulud_2025_09_16"
    },
    {
      "name": "globalize-rpk",
      "malicious_versions": ["1.7.4"],
      "severity": "CRITICAL",
      "incident": "s1ngularity_shai_hulud_2025_09_16"
    },
    {
      "name": "graphql-sequelize-teselagen",
      "malicious_versions": ["5.3.8"],
      "severity": "CRITICAL",
      "incident": "s1ngularity_shai_hulud_2025_09_16"
    },
    {
      "name": "html-to-base64-image",
      "malicious_versions": ["1.0.2"],
      "severity": "CRITICAL",
      "incident": "s1ngularity_shai_hulud_2025_09_16"
    },
    {
      "name": "json-rules-engine-simplified",
      "malicious_versions": ["0.2.1"],
      "severity": "CRITICAL",
      "incident": "s1ngularity_shai_hulud_2025_09_16"
    },
    {
      "name": "jumpgate",
      "malicious_versions": ["0.0.2"],
      "severity": "CRITICAL",
      "incident": "s1ngularity_shai_hulud_2025_09_16"
    },
    {
      "name": "koa2-swagger-ui",
      "malicious_versions": ["5.11.1", "5.11.2"],
      "severity": "CRITICAL",
      "incident": "s1ngularity_shai_hulud_2025_09_16"
    },
    {
      "name": "mcfly-semantic-release",
      "malicious_versions": ["1.3.1"],
      "severity": "CRITICAL",
      "incident": "s1ngularity_shai_hulud_2025_09_16"
    },
    {
      "name": "mcp-knowledge-base",
      "malicious_versions": ["0.0.2"],
      "severity": "CRITICAL",
      "incident": "s1ngularity_shai_hulud_2025_09_16"
    },
    {
      "name": "mcp-knowledge-graph",
      "malicious_versions": ["1.2.1"],
      "severity": "CRITICAL",
      "incident": "s1ngularity_shai_hulud_2025_09_16"
    },
    {
      "name": "mobioffice-cli",
      "malicious_versions": ["1.0.3"],
      "severity": "CRITICAL",
      "incident": "s1ngularity_shai_hulud_2025_09_16"
    },
    {
      "name": "monorepo-next",
      "malicious_versions": ["13.0.1", "13.0.2"],
      "severity": "CRITICAL",
      "incident": "s1ngularity_shai_hulud_2025_09_16"
    },
    {
      "name": "mstate-angular",
      "malicious_versions": ["0.4.4"],
      "severity": "CRITICAL",
      "incident": "s1ngularity_shai_hulud_2025_09_16"
    },
    {
      "name": "mstate-cli",
      "malicious_versions": ["0.4.7"],
      "severity": "CRITICAL",
      "incident": "s1ngularity_shai_hulud_2025_09_16"
    },
    {
      "name": "mstate-dev-react",
      "malicious_versions": ["1.1.1"],
      "severity": "CRITICAL",
      "incident": "s1ngularity_shai_hulud_2025_09_16"
    },
    {
      "name": "mstate-react",
      "malicious_versions": ["1.6.5"],
      "severity": "CRITICAL",
      "incident": "s1ngularity_shai_hulud_2025_09_16"
    },
    {
      "name": "ng2-file-upload",
      "malicious_versions": ["7.0.2", "7.0.3", "8.0.1", "8.0.2", "8.0.3", "9.0.1"],
      "severity": "CRITICAL",
      "incident": "s1ngularity_shai_hulud_2025_09_16"
    },
    {
      "name": "ngx-bootstrap",
      "malicious_versions": ["18.1.4", "19.0.3", "19.0.4", "20.0.3", "20.0.4", "20.0.5"],
      "severity": "CRITICAL",
      "incident": "s1ngularity_shai_hulud_2025_09_16"
    },
    {
      "name": "ngx-color",
      "malicious_versions": ["10.0.1", "10.0.2"],
      "severity": "CRITICAL",
      "incident": "s1ngularity_shai_hulud_2025_09_16"
    },
    {
      "name": "ngx-toastr",
      "malicious_versions": ["19.0.1", "19.0.2"],
      "severity": "CRITICAL",
      "incident": "s1ngularity_shai_hulud_2025_09_16"
    },
    {
      "name": "ngx-trend",
      "malicious_versions": ["8.0.1"],
      "severity": "CRITICAL",
      "incident": "s1ngularity_shai_hulud_2025_09_16"
    },
    {
      "name": "ngx-ws",
      "malicious_versions": ["1.1.5", "1.1.6"],
      "severity": "CRITICAL",
      "incident": "s1ngularity_shai_hulud_2025_09_16"
    },
    {
      "name": "oradm-to-gql",
      "malicious_versions": ["35.0.14", "35.0.15"],
      "severity": "CRITICAL",
      "incident": "s1ngularity_shai_hulud_2025_09_16"
    },
    {
      "name": "oradm-to-sqlz",
      "malicious_versions": ["1.1.2"],
      "severity": "CRITICAL",
      "incident": "s1ngularity_shai_hulud_2025_09_16"
    },
    {
      "name": "ove-auto-annotate",
      "malicious_versions": ["0.0.9"],
      "severity": "CRITICAL",
      "incident": "s1ngularity_shai_hulud_2025_09_16"
    },
    {
      "name": "pm2-gelf-json",
      "malicious_versions": ["1.0.4", "1.0.5"],
      "severity": "CRITICAL",
      "incident": "s1ngularity_shai_hulud_2025_09_16"
    },
    {
      "name": "printjs-rpk",
      "malicious_versions": ["1.6.1"],
      "severity": "CRITICAL",
      "incident": "s1ngularity_shai_hulud_2025_09_16"
    },
    {
      "name": "react-complaint-image",
      "malicious_versions": ["0.0.32"],
      "severity": "CRITICAL",
      "incident": "s1ngularity_shai_hulud_2025_09_16"
    },
    {
      "name": "react-jsonschema-form-conditionals",
      "malicious_versions": ["0.3.18"],
      "severity": "CRITICAL",
      "incident": "s1ngularity_shai_hulud_2025_09_16"
    },
    {
      "name": "remark-preset-lint-crowdstrike",
      "malicious_versions": ["4.0.1", "4.0.2"],
      "severity": "CRITICAL",
      "incident": "s1ngularity_shai_hulud_2025_09_16"
    },
    {
      "name": "rxnt-authentication",
      "malicious_versions": ["0.0.3", "0.0.4", "0.0.5", "0.0.6"],
      "severity": "CRITICAL",
      "incident": "s1ngularity_shai_hulud_2025_09_16"
    },
    {
      "name": "rxnt-healthchecks-nestjs",
      "malicious_versions": ["1.0.2", "1.0.3", "1.0.4", "1.0.5"],
      "severity": "CRITICAL",
      "incident": "s1ngularity_shai_hulud_2025_09_16"
    },
    {
      "name": "rxnt-kue",
      "malicious_versions": ["1.0.4", "1.0.5", "1.0.6", "1.0.7"],
      "severity": "CRITICAL",
      "incident": "s1ngularity_shai_hulud_2025_09_16"
    },
    {
      "name": "swc-plugin-component-annotate",
      "malicious_versions": ["1.9.1", "1.9.2"],
      "severity": "CRITICAL",
      "incident": "s1ngularity_shai_hulud_2025_09_16"
    },
    {
      "name": "tbssnch",
      "malicious_versions": ["1.0.2"],
      "severity": "CRITICAL",
      "incident": "s1ngularity_shai_hulud_2025_09_16"
    },
    {
      "name": "teselagen-interval-tree",
      "malicious_versions": ["1.1.2"],
      "severity": "CRITICAL",
      "incident": "s1ngularity_shai_hulud_2025_09_16"
    },
    {
      "name": "tg-client-query-builder",
      "malicious_versions": ["2.14.4", "2.14.5"],
      "severity": "CRITICAL",
      "incident": "s1ngularity_shai_hulud_2025_09_16"
    },
    {
      "name": "tg-redbird",
      "malicious_versions": ["1.3.1"],
      "severity": "CRITICAL",
      "incident": "s1ngularity_shai_hulud_2025_09_16"
    },
    {
      "name": "tg-seq-gen",
      "malicious_versions": ["1.0.9", "1.0.10"],
      "severity": "CRITICAL",
      "incident": "s1ngularity_shai_hulud_2025_09_16"
    },
    {
      "name": "thangved-react-grid",
      "malicious_versions": ["1.0.3"],
      "severity": "CRITICAL",
      "incident": "s1ngularity_shai_hulud_2025_09_16"
    },
    {
      "name": "ts-gaussian",
      "malicious_versions": ["3.0.5", "3.0.6"],
      "severity": "CRITICAL",
      "incident": "s1ngularity_shai_hulud_2025_09_16"
    },
    {
      "name": "ts-imports",
      "malicious_versions": ["1.0.1", "1.0.2"],
      "severity": "CRITICAL",
      "incident": "s1ngularity_shai_hulud_2025_09_16"
    },
    {
      "name": "tvi-cli",
      "malicious_versions": ["0.1.5"],
      "severity": "CRITICAL",
      "incident": "s1ngularity_shai_hulud_2025_09_16"
    },
    {
      "name": "ve-bamreader",
      "malicious_versions": ["0.2.6"],
      "severity": "CRITICAL",
      "incident": "s1ngularity_shai_hulud_2025_09_16"
    },
    {
      "name": "ve-editor",
      "malicious_versions": ["1.0.1"],
      "severity": "CRITICAL",
      "incident": "s1ngularity_shai_hulud_2025_09_16"
    },
    {
      "name": "verror-extra",
      "malicious_versions": ["6.0.1"],
      "severity": "CRITICAL",
      "incident": "s1ngularity_shai_hulud_2025_09_16"
    },
    {
      "name": "voip-callkit",
      "malicious_versions": ["1.0.2", "1.0.3"],
      "severity": "CRITICAL",
      "incident": "s1ngularity_shai_hulud_2025_09_16"
    },
    {
      "name": "wdio-web-reporter",
      "malicious_versions": ["0.1.3"],
      "severity": "CRITICAL",
      "incident": "s1ngularity_shai_hulud_2025_09_16"
    },
    {
      "name": "yargs-help-output",
      "malicious_versions": ["5.0.3"],
      "severity": "CRITICAL",
      "incident": "s1ngularity_shai_hulud_2025_09_16"
    },
    {
      "name": "yoo-styles",
      "malicious_versions": ["6.0.326"],
      "severity": "CRITICAL",
      "incident": "s1ngularity_shai_hulud_2025_09_16"
    }
  ],
  "malware_signatures": {
    "obfuscation_patterns": [
      "const _0x112",
      "_0x[0-9a-f]{4,}",
      "window.stealthProxyControl",
      "checkethereumw"
    ],
    "wallet_patterns": [
      "ethereum",
      "metamask",
      "wallet",
      "web3"
    ],
    "suspicious_functions": [
      "levenshtein",
      "distance",
      "similarity"
    ],
    "shai_hulud_worm_patterns": [
      "github.actions",
      "secrets.GITHUB_TOKEN",
      "npm_token",
      "npm publish",
      "repository.public",
      "workflow_dispatch",
      "exfiltrate",
      "self-propagate",
      "worm",
      "shai-hulud"
    ],
    "github_manipulation_patterns": [
      "octokit",
      "github.com/api",
      "repos/.*/actions",
      "repos/.*/secrets",
      "repos/.*/visibility"
    ]
  },
  "known_hashes": {
    "sha1": [
      "c26e923750ff24150d13dea46e0c9d848b390f0f",
      "e9f9235f0fd79f5a7d099276ec6a9f8c5f0ddce9",
      "ebcf69dc3d77aab6a23c733bf8d3de835a4a819a",
      "5518bc3a1df75f8e480efb32fa78de15e775155d",
      "c577099020e7ae370c67ce9a31170eff4d7f2b038"
    ]
  }
}